sku_id,sku_name,category,subcategory,brand,abc_class,total_revenue,revenue_pct,xyz_class,cv,mean_units,abc_xyz_class
SKU0018,BrandF Water,Beverages,Water,BrandF,A,17032424.64,3.60,X,0.21,32584.22,AX
SKU0027,BrandC Chips,Snacks,Chips,BrandC,A,16000295.02,3.38,X,0.10,33358.25,AX
SKU0026,BrandB Chips,Snacks,Chips,BrandB,A,13025419.73,2.75,X,0.11,24833.03,AX
SKU0099,BrandC Toothpaste,Personal Care,Toothpaste,BrandC,A,12968809.43,2.74,X,0.08,34510.81,AX
SKU0092,BrandB Soap,Personal Care,Soap,BrandB,A,12496995.90,2.64,X,0.04,24884.50,AX
SKU0100,BrandD Toothpaste,Personal Care,Toothpaste,BrandD,A,12351150.68,2.61,X,0.03,25565.39,AX
SKU0064,BrandD Cheese,Dairy,Cheese,BrandD,A,12326994.00,2.61,X,0.03,27503.33,AX
SKU0061,BrandA Cheese,Dairy,Cheese,BrandA,A,11967260.40,2.53,X,0.03,27026.33,AX
SKU0028,BrandD Chips,Snacks,Chips,BrandD,A,11749108.59,2.48,X,0.12,34830.75,AX
SKU0097,BrandA Toothpaste,Personal Care,Toothpaste,BrandA,A,11594508.71,2.45,X,0.03,23664.19,AX
SKU0041,BrandE Biscuits,Snacks,Biscuits,BrandE,A,10887379.87,2.30,X,0.14,24672.22,AX
SKU0038,BrandB Biscuits,Snacks,Biscuits,BrandB,A,10826032.60,2.29,X,0.11,27589.28,AX
SKU0058,BrandD Milk,Dairy,Milk,BrandD,A,10664140.20,2.25,X,0.03,30012.78,AX
SKU0001,BrandA Soda,Beverages,Soda,BrandA,A,10515682.83,2.22,X,0.20,49788.36,AX
SKU0057,BrandC Milk,Dairy,Milk,BrandC,A,10224239.22,2.16,X,0.03,20257.25,AX
SKU0005,BrandE Soda,Beverages,Soda,BrandE,A,9685683.36,2.05,X,0.22,30458.33,AX
SKU0060,BrandF Milk,Dairy,Milk,BrandF,A,9466848.00,2.00,X,0.03,19479.11,AX
SKU0048,BrandF Nuts,Snacks,Nuts,BrandF,A,8917389.91,1.89,X,0.11,22322.06,AX
SKU0002,BrandB Soda,Beverages,Soda,BrandB,A,8625588.75,1.82,X,0.20,21297.75,AX
SKU0045,BrandC Nuts,Snacks,Nuts,BrandC,A,8089038.53,1.71,X,0.13,17867.11,AX
SKU0020,BrandB Energy drink,Beverages,Energy drink,BrandB,A,8054215.44,1.70,X,0.20,21146.33,AX
SKU0013,BrandA Water,Beverages,Water,BrandA,A,7860958.87,1.66,X,0.19,31507.17,AX
SKU0094,BrandD Soap,Personal Care,Soap,BrandD,A,7443735.24,1.57,X,0.04,16621.42,AX
SKU0047,BrandE Nuts,Snacks,Nuts,BrandE,A,7434459.15,1.57,X,0.11,17726.42,AX
SKU0044,BrandB Nuts,Snacks,Nuts,BrandB,A,6741996.67,1.43,X,0.11,16706.31,AX
SKU0070,BrandD Detergent,Home Care,Detergent,BrandD,A,6709011.96,1.42,X,0.03,30601.22,AX
SKU0068,BrandB Detergent,Home Care,Detergent,BrandB,A,6185731.58,1.31,X,0.06,12916.28,AX
SKU0079,BrandA Cleaner,Home Care,Cleaner,BrandA,A,5929387.53,1.25,X,0.06,16871.92,AX
SKU0054,BrandF Yogurt,Dairy,Yogurt,BrandF,A,5924877.81,1.25,X,0.07,25864.28,AX
SKU0074,BrandB Softener,Home Care,Softener,BrandB,A,5683823.90,1.20,X,0.07,17713.08,AX
SKU0032,BrandB Chocolate,Snacks,Chocolate,BrandB,A,5297295.15,1.12,X,0.23,12438.36,AX
SKU0069,BrandC Detergent,Home Care,Detergent,BrandC,A,5108828.07,1.08,X,0.07,18287.58,AX
SKU0082,BrandD Cleaner,Home Care,Cleaner,BrandD,A,4954897.92,1.05,X,0.04,13944.89,AX
SKU0076,BrandD Softener,Home Care,Softener,BrandD,A,4742743.32,1.00,X,0.04,9602.25,AX
SKU0089,BrandE Shampoo,Personal Care,Shampoo,BrandE,A,4717345.71,1.00,X,0.03,12280.92,AX
SKU0023,BrandE Energy drink,Beverages,Energy drink,BrandE,A,4371117.38,0.92,X,0.20,27904.28,AX
SKU0078,BrandF Softener,Home Care,Softener,BrandF,A,4333780.40,0.92,X,0.03,8133.97,AX
SKU0007,BrandA Juice,Beverages,Juice,BrandA,A,4294839.45,0.91,X,0.20,9430.92,AX
SKU0053,BrandE Yogurt,Dairy,Yogurt,BrandE,A,4192545.42,0.89,X,0.03,8494.50,AX
SKU0071,BrandE Detergent,Home Care,Detergent,BrandE,A,4192537.80,0.89,X,0.03,8048.33,AX
SKU0081,BrandC Cleaner,Home Care,Cleaner,BrandC,A,4151625.15,0.88,X,0.04,18751.69,AX
SKU0036,BrandF Chocolate,Snacks,Chocolate,BrandF,A,4107238.50,0.87,X,0.22,10276.75,AX
SKU0009,BrandC Juice,Beverages,Juice,BrandC,A,3886656.08,0.82,X,0.20,20525.22,AX
SKU0033,BrandC Chocolate,Snacks,Chocolate,BrandC,A,3769137.83,0.80,X,0.22,21236.97,AX
SKU0034,BrandD Chocolate,Snacks,Chocolate,BrandD,A,3316591.88,0.70,X,0.24,33057.39,AX
SKU0049,BrandA Yogurt,Dairy,Yogurt,BrandA,A,3310336.64,0.70,X,0.03,11052.14,AX
SKU0012,BrandF Juice,Beverages,Juice,BrandF,A,3192158.04,0.68,X,0.21,18586.64,AX
SKU0102,BrandF Toothpaste,Personal Care,Toothpaste,BrandF,A,3152954.97,0.67,X,0.07,28579.06,AX
SKU0098,BrandB Toothpaste,Personal Care,Toothpaste,BrandB,A,3127663.91,0.66,X,0.07,16037.56,AX
SKU0080,BrandB Cleaner,Home Care,Cleaner,BrandB,B,3074113.85,0.65,X,0.08,21014.06,BX
SKU0010,BrandD Juice,Beverages,Juice,BrandD,B,2993161.72,0.63,X,0.22,12581.47,BX
SKU0035,BrandE Chocolate,Snacks,Chocolate,BrandE,B,2969636.16,0.63,X,0.23,40436.22,BX
SKU0090,BrandF Shampoo,Personal Care,Shampoo,BrandF,B,2963734.95,0.63,X,0.04,5834.58,BX
SKU0096,BrandF Soap,Personal Care,Soap,BrandF,B,2958329.00,0.63,X,0.04,35728.61,BX
SKU0087,BrandC Shampoo,Personal Care,Shampoo,BrandC,B,2954835.73,0.62,X,0.04,10046.36,BX
SKU0052,BrandD Yogurt,Dairy,Yogurt,BrandD,B,2931822.00,0.62,X,0.04,15081.39,BX
SKU0072,BrandF Detergent,Home Care,Detergent,BrandF,B,2914561.96,0.62,X,0.04,10170.86,BX
SKU0031,BrandA Chocolate,Snacks,Chocolate,BrandA,B,2861354.90,0.60,X,0.24,13192.19,BX
SKU0088,BrandD Shampoo,Personal Care,Shampoo,BrandD,B,2781288.91,0.59,X,0.04,7702.69,BX
SKU0046,BrandD Nuts,Snacks,Nuts,BrandD,B,2769564.71,0.59,X,0.11,30717.61,BX
SKU0024,BrandF Energy drink,Beverages,Energy drink,BrandF,B,2730995.04,0.58,X,0.21,14153.17,BX
SKU0095,BrandE Soap,Personal Care,Soap,BrandE,B,2591979.12,0.55,X,0.03,8551.00,BX
SKU0059,BrandE Milk,Dairy,Milk,BrandE,B,2571728.25,0.54,X,0.04,5831.58,BX
SKU0016,BrandD Water,Beverages,Water,BrandD,B,2571159.03,0.54,X,0.22,8009.97,BX
SKU0066,BrandF Cheese,Dairy,Cheese,BrandF,B,2555968.46,0.54,X,0.08,11027.03,BX
SKU0014,BrandB Water,Beverages,Water,BrandB,B,2550689.20,0.54,X,0.20,18645.39,BX
SKU0025,BrandA Chips,Snacks,Chips,BrandA,B,2504304.75,0.53,X,0.12,8042.08,BX
SKU0093,BrandC Soap,Personal Care,Soap,BrandC,B,2388902.00,0.51,X,0.05,14394.44,BX
SKU0039,BrandC Biscuits,Snacks,Biscuits,BrandC,B,2319042.20,0.49,X,0.11,5459.14,BX
SKU0011,BrandE Juice,Beverages,Juice,BrandE,B,2282149.38,0.48,X,0.21,7052.94,BX
SKU0063,BrandC Cheese,Dairy,Cheese,BrandC,B,2259692.88,0.48,X,0.07,16022.61,BX
SKU0043,BrandA Nuts,Snacks,Nuts,BrandA,B,2254584.27,0.48,X,0.12,12484.36,BX
SKU0017,BrandE Water,Beverages,Water,BrandE,B,2225706.15,0.47,X,0.22,34533.64,BX
SKU0077,BrandE Softener,Home Care,Softener,BrandE,B,2036615.00,0.43,X,0.05,19929.78,BX
SKU0006,BrandF Soda,Beverages,Soda,BrandF,B,2019134.87,0.43,X,0.21,46171.53,BX
SKU0004,BrandD Soda,Beverages,Soda,BrandD,B,1989095.88,0.42,X,0.20,30526.33,BX
SKU0101,BrandE Toothpaste,Personal Care,Toothpaste,BrandE,B,1935505.86,0.41,X,0.07,5736.19,BX
SKU0083,BrandE Cleaner,Home Care,Cleaner,BrandE,B,1694471.16,0.36,X,0.04,20826.83,BX
SKU0056,BrandB Milk,Dairy,Milk,BrandB,C,1552009.49,0.33,X,0.07,9084.89,CX
SKU0022,BrandD Energy drink,Beverages,Energy drink,BrandD,C,1513665.56,0.32,X,0.20,28409.64,CX
SKU0084,BrandF Cleaner,Home Care,Cleaner,BrandF,C,1510963.29,0.32,X,0.03,7645.03,CX
SKU0015,BrandC Water,Beverages,Water,BrandC,C,1435332.87,0.30,X,0.20,4291.75,CX
SKU0040,BrandD Biscuits,Snacks,Biscuits,BrandD,C,1430335.28,0.30,X,0.11,7000.78,CX
SKU0021,BrandC Energy drink,Beverages,Energy drink,BrandC,C,1340325.35,0.28,X,0.20,13738.47,CX
SKU0085,BrandA Shampoo,Personal Care,Shampoo,BrandA,C,1190417.36,0.25,X,0.07,22372.83,CX
SKU0019,BrandA Energy drink,Beverages,Energy drink,BrandA,C,1145233.01,0.24,X,0.20,6447.81,CX
SKU0037,BrandA Biscuits,Snacks,Biscuits,BrandA,C,1095936.48,0.23,X,0.12,28187.67,CX
SKU0086,BrandB Shampoo,Personal Care,Shampoo,BrandB,C,1059653.35,0.22,X,0.08,2988.69,CX
SKU0067,BrandA Detergent,Home Care,Detergent,BrandA,C,1042152.84,0.22,X,0.04,10801.75,CX
SKU0062,BrandB Cheese,Dairy,Cheese,BrandB,C,1018692.20,0.22,X,0.03,5192.11,CX
SKU0008,BrandB Juice,Beverages,Juice,BrandB,C,985203.10,0.21,X,0.20,7708.94,CX
SKU0051,BrandC Yogurt,Dairy,Yogurt,BrandC,C,983885.76,0.21,X,0.03,18979.28,CX
SKU0091,BrandA Soap,Personal Care,Soap,BrandA,C,872478.81,0.18,X,0.07,4489.08,CX
SKU0065,BrandE Cheese,Dairy,Cheese,BrandE,C,847938.85,0.18,X,0.07,22818.69,CX
SKU0003,BrandC Soda,Beverages,Soda,BrandC,C,802555.68,0.17,X,0.20,7010.44,CX
SKU0055,BrandA Milk,Dairy,Milk,BrandA,C,766537.80,0.16,X,0.03,5069.69,CX
SKU0030,BrandF Chips,Snacks,Chips,BrandF,C,694908.12,0.15,X,0.12,11842.33,CX
SKU0075,BrandC Softener,Home Care,Softener,BrandC,C,616174.52,0.13,X,0.04,9951.14,CX
SKU0029,BrandE Chips,Snacks,Chips,BrandE,C,602289.41,0.13,X,0.11,7927.25,CX
SKU0042,BrandF Biscuits,Snacks,Biscuits,BrandF,C,479906.83,0.10,X,0.12,2367.81,CX
SKU0073,BrandA Softener,Home Care,Softener,BrandA,C,447233.74,0.09,X,0.05,2489.61,CX
SKU0050,BrandB Yogurt,Dairy,Yogurt,BrandB,C,255013.60,0.05,X,0.03,5208.61,CX
